radius,pop_total,pop_white,pop_poc,STATEFP,county,pct_poc
3.0,2275.0437537415555,1681.6598449383969,593.3839088031589,58.61546873853146,169.98485934174124,26.08230755242728
10.0,259.2730761846524,208.67096019678456,50.60211598786776,10.617681317685879,30.791275821289045,19.51691889204466
15.0,432.06468335234,211.8245557467432,220.24012760559683,14.157376878258484,40.65725857606108,50.97387870185989
20.0,1661.956677247545,304.93525475429396,1357.021422493251,33.3652714915334,90.64204607402884,81.65203347783329
30.0,4241.8834137994845,1889.6640769351998,2352.2193368642843,98.4982656917517,241.1983474107373,55.452239191962725
40.0,2230.6507856160965,873.5340482664692,1357.1167373496273,60.450343040388326,97.83133067911966,60.839497876616186
